Unnamed: 0,uq_id,ag_aa,ab_motif,group_id,motif_count
13105,4khx_H(H)_ant(A),LEU,"{'TYR37', 'SER36'}",1,7250
12770,4k24_H(H)_ant(U),LEU,"{'TYR37', 'SER36'}",1,7250
12954,4k8r_H(D)_ant(B),THR,"{'TYR37', 'SER36'}",1,7250
23947,5cba_H(C)_ant(F),ARG,"{'TYR37', 'SER36'}",1,7250
23707,5c7x_H(M)_ant(B),CYS,"{'TYR37', 'SER36'}",1,7250
23653,5c7x_H(H)_ant(A),CYS,"{'TYR37', 'SER36'}",1,7250
23564,5c0s_H(H)_ant(A),ASN,"{'TYR37', 'SER36'}",1,7250
59536,6wm9_H(B)_ant(A),ASN,"{'TYR37', 'SER36'}",1,7250
59606,6wm9_H(E)_ant(D),ASN,"{'TYR37', 'SER36'}",1,7250
71041,7czt_H(H)_ant(A),GLN,"{'TYR37', 'SER36'}",1,7250
13268,4kuc_H(F)_ant(I),GLN,"{'TYR37', 'SER36'}",1,7250
13336,4kuc_H(H)_ant(A),GLN,"{'TYR37', 'SER36'}",1,7250
59726,6wmw_H(M)_ant(B),ALA,"{'TYR37', 'SER36'}",1,7250
59920,6wo5_H(G)_ant(F),THR,"{'TYR37', 'SER36'}",1,7250
60003,6wo5_H(H)_ant(E),THR,"{'TYR37', 'SER36'}",1,7250
14329,4m8q_H(A)_ant(S),THR,"{'TYR37', 'SER36'}",1,7250
14395,4m8q_H(H)_ant(C),THR,"{'TYR37', 'SER36'}",1,7250
60154,6woz_H(B)_ant(A),LYS,"{'TYR37', 'SER36'}",1,7250
71082,7czt_H(I)_ant(C),GLN,"{'TYR37', 'SER36'}",1,7250
42635,6e1k_H(D)_ant(B),GLY,"{'TYR37', 'SER36'}",1,7250
42812,6ejm_H(I)_ant(A),GLU,"{'TYR37', 'SER36'}",1,7250
59375,6wh9_H(H)_ant(A),ARG,"{'TYR37', 'SER36'}",1,7250
71153,7czw_H(J)_ant(C),TYR,"{'TYR37', 'SER36'}",1,7250
24459,5d71_H(H)_ant(A),CYS,"{'TYR37', 'SER36'}",1,7250
43704,6fla_H(H)_ant(I),ASP,"{'TYR37', 'SER36'}",1,7250
10758,4gxu_H(M)_ant(A),LYS,"{'TYR37', 'SER36'}",1,7250
10879,4hcr_H(M)_ant(B),GLN,"{'TYR37', 'SER36'}",1,7250
11013,4hf5_H(H)_ant(A),ARG,"{'TYR37', 'SER36'}",1,7250
11057,4hfu_H(H)_ant(A),ARG,"{'TYR37', 'SER36'}",1,7250
43589,6fla_H(A)_ant(G),ASP,"{'TYR37', 'SER36'}",1,7250
60216,6woz_H(E)_ant(D),LYS,"{'TYR37', 'SER36'}",1,7250
11562,4hj0_H(P)_ant(A),GLU,"{'TYR37', 'SER36'}",1,7250
11655,4hwb_H(H)_ant(A),GLN,"{'TYR37', 'SER36'}",1,7250
81495,7l2e_H(H)_ant(A),PRO,"{'TYR37', 'SER36'}",1,7250
93232,7pnm_H(I)_ant(C),LEU,"{'TYR37', 'SER36'}",1,7250
24276,5czv_H(H)_ant(A),GLU,"{'TYR37', 'SER36'}",1,7250
11842,4i2x_H(B)_ant(E),THR,"{'TYR37', 'SER36'}",1,7250
11895,4i2x_H(D)_ant(F),THR,"{'TYR37', 'SER36'}",1,7250
59152,6wh9_H(B)_ant(G),ARG,"{'TYR37', 'SER36'}",1,7250
59248,6wh9_H(E)_ant(D),ARG,"{'TYR37', 'SER36'}",1,7250
71125,7czw_H(H)_ant(A),TYR,"{'TYR37', 'SER36'}",1,7250
60282,6woz_H(H)_ant(G),LYS,"{'TYR37', 'SER36'}",1,7250
60346,6woz_H(K)_ant(J),LYS,"{'TYR37', 'SER36'}",1,7250
89136,7n0v_H(H)_ant(C),ASN,"{'TYR37', 'SER36'}",1,7250
39405,6b0e_H(B)_ant(E),ASP,"{'TYR37', 'SER36'}",1,7250
83558,7lq7_H(y)_ant(E),ASP,"{'TYR37', 'SER36'}",1,7250
22090,4ypg_H(H)_ant(D),ASN,"{'TYR37', 'SER36'}",1,7250
18389,4xak_H(D)_ant(B),ARG,"{'TYR37', 'SER36'}",1,7250
18493,4xak_H(H)_ant(A),ARG,"{'TYR37', 'SER36'}",1,7250
21990,4ypg_H(B)_ant(C),ASN,"{'TYR37', 'SER36'}",1,7250
38906,6apd_H(N)_ant(A),ALA,"{'TYR37', 'SER36'}",1,7250
84665,7ly3_H(F)_ant(B),ASP,"{'TYR37', 'SER36'}",1,7250
86397,7m7w_H(C)_ant(S),ASP,"{'TYR37', 'SER36'}",1,7250
84532,7ly3_H(D)_ant(A),ASP,"{'TYR37', 'SER36'}",1,7250
20118,4y5x_H(D)_ant(F),ALA,"{'TYR37', 'SER36'}",1,7250
20231,4y5x_H(G)_ant(I),ALA,"{'TYR37', 'SER36'}",1,7250
20344,4y5x_H(J)_ant(L),ALA,"{'TYR37', 'SER36'}",1,7250
38723,6apd_H(K)_ant(B),ALA,"{'TYR37', 'SER36'}",1,7250
38539,6apd_H(J)_ant(C),ALA,"{'TYR37', 'SER36'}",1,7250
61948,6xkr_H(H)_ant(P),LEU,"{'TYR37', 'SER36'}",1,7250
62023,6xq0_H(B)_ant(A),ALA,"{'TYR37', 'SER36'}",1,7250
62053,6xq0_H(E)_ant(D),ALA,"{'TYR37', 'SER36'}",1,7250
20005,4y5x_H(A)_ant(C),ALA,"{'TYR37', 'SER36'}",1,7250
71670,7det_H(B)_ant(A),VAL,"{'TYR37', 'SER36'}",1,7250
39825,6b0s_H(H)_ant(C),ASP,"{'TYR37', 'SER36'}",1,7250
83468,7lq7_H(P)_ant(A),ASP,"{'TYR37', 'SER36'}",1,7250
14920,4np4_H(H)_ant(A),ASN,"{'TYR37', 'SER36'}",1,7250
15011,4np4_H(I)_ant(A),GLU,"{'TYR37', 'SER36'}",1,7250
41101,6bkb_H(H)_ant(E),TYR,"{'TYR37', 'SER36'}",1,7250
15186,4o9h_H(H)_ant(A),GLN,"{'TYR37', 'SER36'}",1,7250
61193,6wzj_H(A)_ant(E),LEU,"{'TYR37', 'SER36'}",1,7250
15415,4oii_H(I)_ant(B),ARG,"{'TYR37', 'SER36'}",1,7250
82230,7laa_H(H)_ant(A),GLU,"{'TYR37', 'SER36'}",1,7250
15752,4p59_H(H)_ant(A),PRO,"{'TYR37', 'SER36'}",1,7250
86511,7m7w_H(E)_ant(R),ASP,"{'TYR37', 'SER36'}",1,7250
34910,5vyf_H(B)_ant(C),ARG,"{'TYR37', 'SER36'}",1,7250
35156,5vyf_H(H)_ant(F),ARG,"{'TYR37', 'SER36'}",1,7250
69319,7cu4_H(D)_ant(F),ASP,"{'TYR37', 'SER36'}",1,7250
69224,7cu4_H(A)_ant(C),ASP,"{'TYR37', 'SER36'}",1,7250
87513,7mxl_H(J)_ant(C),ASN,"{'TYR37', 'SER36'}",1,7250
61241,6wzj_H(C)_ant(F),LEU,"{'TYR37', 'SER36'}",1,7250
87080,7mep_H(H)_ant(A),LYS,"{'TYR37', 'SER36'}",1,7250
65365,7byr_H(H)_ant(B),TYR,"{'TYR37', 'SER36'}",1,7250
83125,7lm8_H(H)_ant(A),ASP,"{'TYR37', 'SER36'}",1,7250
82405,7lcv_H(A)_ant(C),ALA,"{'TYR37', 'SER36'}",1,7250
62270,6xzw_H(H)_ant(D),LYS,"{'TYR37', 'SER36'}",1,7250
71686,7det_H(D)_ant(C),VAL,"{'TYR37', 'SER36'}",1,7250
10094,4f9p_H(C)_ant(A),SER,"{'TYR37', 'SER36'}",1,7250
100582,7so7_H(X)_ant(B),ASP,"{'TYR37', 'SER36'}",1,7250
100507,7so7_H(H)_ant(A),ASP,"{'TYR37', 'SER36'}",1,7250
100339,7seg_H(H)_ant(C),GLU,"{'TYR37', 'SER36'}",1,7250
49062,6n4y_H(G)_ant(D),GLN,"{'TYR37', 'SER36'}",1,7250
3370,2xqy_H(G)_ant(A),ARG,"{'TYR37', 'SER36'}",1,7250
100279,7seg_H(A)_ant(D),GLU,"{'TYR37', 'SER36'}",1,7250
29306,5kvg_H(H)_ant(E),ALA,"{'TYR37', 'SER36'}",1,7250
49174,6n4y_H(H)_ant(C),GLN,"{'TYR37', 'SER36'}",1,7250
99017,7rxl_H(H)_ant(E),ASP,"{'TYR37', 'SER36'}",1,7250
98838,7rxl_H(C)_ant(F),ASP,"{'TYR37', 'SER36'}",1,7250
4714,3g04_H(B)_ant(C),ILE,"{'TYR37', 'SER36'}",1,7250
4736,3g6d_H(H)_ant(A),GLU,"{'TYR37', 'SER36'}",1,7250
4794,3gi9_H(H)_ant(C),GLU,"{'TYR37', 'SER36'}",1,7250
30692,5nj6_H(H)_ant(A),GLU,"{'TYR37', 'SER36'}",1,7250
28775,5jmo_H(D)_ant(B),ASP,"{'TYR37', 'SER36'}",1,7250
10152,4f9p_H(D)_ant(B),GLU,"{'TYR37', 'SER36'}",1,7250
53957,6pzz_H(I)_ant(C),ASP,"{'TYR37', 'SER36'}",1,7250
49304,6n51_H(C)_ant(A),GLN,"{'TYR37', 'SER36'}",1,7250
101369,7t0r_H(C)_ant(D),ASN,"{'TYR37', 'SER36'}",1,7250
49491,6n51_H(D)_ant(B),GLN,"{'TYR37', 'SER36'}",1,7250
222,1e6j_H(H)_ant(P),GLU,"{'TYR37', 'SER36'}",1,7250
343,1fbi_H(H)_ant(X),ARG,"{'TYR37', 'SER36'}",1,7250
582,1fsk_H(I)_ant(G),GLU,"{'TYR37', 'SER36'}",1,7250
75181,7jie_H(C)_ant(B),ASN,"{'TYR37', 'SER36'}",1,7250
686,1i9r_H(K)_ant(B),SER,"{'TYR37', 'SER36'}",1,7250
760,1jhl_H(H)_ant(A),ASP,"{'TYR37', 'SER36'}",1,7250
102175,7tht_H(d)_ant(V),TYR,"{'TYR37', 'SER36'}",1,7250
75205,7jie_H(E)_ant(A),ASN,"{'TYR37', 'SER36'}",1,7250
1212,1qfw_H(H)_ant(A),GLN,"{'TYR37', 'SER36'}",1,7250
102109,7tht_H(a)_ant(S),TYR,"{'TYR37', 'SER36'}",1,7250
50267,6nyq_H(H)_ant(C),PRO,"{'TYR37', 'SER36'}",1,7250
1701,1z3g_H(I)_ant(B),GLU,"{'TYR37', 'SER36'}",1,7250
53213,6phb_H(B)_ant(E),LEU,"{'TYR37', 'SER36'}",1,7250
1924,2cmr_H(H)_ant(A),HIS,"{'TYR37', 'SER36'}",1,7250
1995,2dd8_H(H)_ant(S),THR,"{'TYR37', 'SER36'}",1,7250
101431,7t0r_H(H)_ant(A),ASN,"{'TYR37', 'SER36'}",1,7250
53267,6phb_H(D)_ant(I),LEU,"{'TYR37', 'SER36'}",1,7250
54526,6rcv_H(C)_ant(A),ASN,"{'TYR37', 'SER36'}",1,7250
5346,3kj4_H(C)_ant(D),GLY,"{'TYR37', 'SER36'}",1,7250
28701,5jmo_H(C)_ant(A),ASP,"{'TYR37', 'SER36'}",1,7250
54629,6rcv_H(E)_ant(A),ALA,"{'TYR37', 'SER36'}",1,7250
5450,3kj4_H(H)_ant(A),GLY,"{'TYR37', 'SER36'}",1,7250
72009,7dk2_H(J)_ant(L),GLN,"{'TYR37', 'SER36'}",1,7250
57607,6vca_H(E)_ant(A),LYS,"{'TYR37', 'SER36'}",1,7250
8054,3vi4_H(F)_ant(B),ARG,"{'TYR37', 'SER36'}",1,7250
8121,3vi4_H(H)_ant(D),ARG,"{'TYR37', 'SER36'}",1,7250
71936,7dk2_H(G)_ant(I),GLN,"{'TYR37', 'SER36'}",1,7250
71863,7dk2_H(D)_ant(F),GLN,"{'TYR37', 'SER36'}",1,7250
71777,7dk2_H(A)_ant(C),GLN,"{'TYR37', 'SER36'}",1,7250
7519,3sqo_H(H)_ant(A),ARG,"{'TYR37', 'SER36'}",1,7250
8459,3wlw_H(C)_ant(A),ALA,"{'TYR37', 'SER36'}",1,7250
25189,5eu7_H(F)_ant(B),GLN,"{'TYR37', 'SER36'}",1,7250
57649,6vca_H(K)_ant(C),LYS,"{'TYR37', 'SER36'}",1,7250
57702,6vca_H(P)_ant(D),LYS,"{'TYR37', 'SER36'}",1,7250
94508,7ps6_H(C)_ant(E),SER,"{'TYR37', 'SER36'}",1,7250
25118,5eu7_H(E)_ant(A),GLN,"{'TYR37', 'SER36'}",1,7250
57810,6vmj_H(F)_ant(Y),ALA,"{'TYR37', 'SER36'}",1,7250
9719,4dkf_H(I)_ant(B),ARG,"{'TYR37', 'SER36'}",1,7250
94411,7ps2_H(H)_ant(G),THR,"{'TYR37', 'SER36'}",1,7250
8540,3wsq_H(H)_ant(A),PRO,"{'TYR37', 'SER36'}",1,7250
45133,6hxw_H(C)_ant(B),GLU,"{'TYR37', 'SER36'}",1,7250
26947,5gmq_H(B)_ant(A),ARG,"{'TYR37', 'SER36'}",1,7250
65293,7bpk_H(H)_ant(B),GLY,"{'TYR37', 'SER36'}",1,7250
31140,5otj_H(H)_ant(C),ASP,"{'TYR37', 'SER36'}",1,7250
6018,3nfp_H(H)_ant(I),ARG,"{'TYR37', 'SER36'}",1,7250
96122,7q9m_H(J)_ant(A),THR,"{'TYR37', 'SER36'}",1,7250
57347,6v7y_H(F)_ant(A),HIS,"{'TYR37', 'SER36'}",1,7250
96081,7q9m_H(H)_ant(C),THR,"{'TYR37', 'SER36'}",1,7250
96040,7q9m_H(E)_ant(B),THR,"{'TYR37', 'SER36'}",1,7250
46419,6k0y_H(A)_ant(C),ARG,"{'TYR37', 'SER36'}",1,7250
54804,6rcv_H(J)_ant(F),ALA,"{'TYR37', 'SER36'}",1,7250
46037,6j11_H(F)_ant(B),PRO,"{'TYR37', 'SER36'}",1,7250
45641,6ii4_H(H)_ant(A),ARG,"{'TYR37', 'SER36'}",1,7250
31441,5th9_H(H)_ant(A),GLY,"{'TYR37', 'SER36'}",1,7250
27158,5gs2_H(D)_ant(B),ASP,"{'TYR37', 'SER36'}",1,7250
6740,3qum_H(B)_ant(P),SER,"{'TYR37', 'SER36'}",1,7250
31492,5th9_H(J)_ant(C),GLY,"{'TYR37', 'SER36'}",1,7250
54701,6rcv_H(H)_ant(F),ASN,"{'TYR37', 'SER36'}",1,7250
46784,6kyz_H(B)_ant(A),PRO,"{'TYR37', 'SER36'}",1,7250
74601,7ey0_H(H)_ant(R),ARG,"{'GLY59', 'SER58'}",2,2718
29943,5m30_H(D)_ant(B),GLU,"{'GLY59', 'SER58'}",2,2718
72364,7e3c_H(B)_ant(A),ARG,"{'GLY59', 'SER58'}",2,2718
30597,5mwn_H(F)_ant(C),GLU,"{'GLY59', 'SER58'}",2,2718
30542,5mwn_H(E)_ant(A),GLU,"{'GLY59', 'SER58'}",2,2718
65419,7bz5_H(H)_ant(A),ARG,"{'GLY59', 'SER58'}",2,2718
72919,7e5s_H(R)_ant(A),ASN,"{'GLY59', 'SER58'}",2,2718
30487,5mwn_H(D)_ant(B),GLU,"{'GLY59', 'SER58'}",2,2718
51131,6orq_H(H)_ant(G),ASP,"{'GLY59', 'SER58'}",2,2718
18343,4x7e_H(D)_ant(B),TYR,"{'GLY59', 'SER58'}",2,2718
50087,6nmt_H(B)_ant(C),GLU,"{'GLY59', 'SER58'}",2,2718
98323,7rk2_H(D)_ant(A),ASP,"{'GLY59', 'SER58'}",2,2718
98293,7rk2_H(C)_ant(B),ASP,"{'GLY59', 'SER58'}",2,2718
96357,7qf0_H(H)_ant(A),ARG,"{'GLY59', 'SER58'}",2,2718
56922,6ui1_H(B)_ant(A),GLU,"{'GLY59', 'SER58'}",2,2718
85831,7m6d_H(H)_ant(C),ARG,"{'GLY59', 'SER58'}",2,2718
44916,6h7n_H(C)_ant(A),GLN,"{'GLY59', 'SER58'}",2,2718
9651,4dag_H(H)_ant(A),ASN,"{'GLY59', 'SER58'}",2,2718
58451,6war_H(B)_ant(A),ASP,"{'GLY59', 'SER58'}",2,2718
44131,6gjq_H(F)_ant(E),GLY,"{'GLY59', 'SER58'}",2,2718
44112,6gjq_H(D)_ant(C),GLY,"{'GLY59', 'SER58'}",2,2718
58592,6war_H(D)_ant(C),ASP,"{'GLY59', 'SER58'}",2,2718
58737,6war_H(F)_ant(E),ASP,"{'GLY59', 'SER58'}",2,2718
58878,6war_H(L)_ant(K),ASP,"{'GLY59', 'SER58'}",2,2718
13030,4kdt_H(A)_ant(D),GLU,"{'GLY59', 'SER58'}",2,2718
44946,6h7n_H(D)_ant(B),GLN,"{'GLY59', 'SER58'}",2,2718
30047,5m30_H(F)_ant(C),GLU,"{'GLY59', 'SER58'}",2,2718
13069,4kdt_H(B)_ant(C),GLU,"{'GLY59', 'SER58'}",2,2718
18266,4x7e_H(C)_ant(A),TYR,"{'GLY59', 'SER58'}",2,2718
87702,7myz_H(I)_ant(D),GLN,"{'GLY59', 'SER58'}",2,2718
87820,7mzf_H(H)_ant(A),ARG,"{'GLY59', 'SER58'}",2,2718
87603,7myz_H(H)_ant(C),GLN,"{'GLY59', 'SER58'}",2,2718
13241,4krp_H(D)_ant(A),GLN,"{'GLY59', 'SER58'}",2,2718
29995,5m30_H(E)_ant(A),GLU,"{'GLY59', 'SER58'}",2,2718
51815,6p67_H(A)_ant(K),TYR,"{'TYR38', 'TYR57'}",3,2478
51801,6p65_H(F)_ant(E),ALA,"{'TYR38', 'TYR57'}",3,2478
46125,6jb8_H(A)_ant(B),ASN,"{'TYR38', 'TYR57'}",3,2478
30995,5o4g_H(B)_ant(C),ASP,"{'TYR38', 'TYR57'}",3,2478
73975,7e7y_H(A)_ant(R),ASN,"{'TYR38', 'TYR57'}",3,2478
54456,6r2s_H(B)_ant(C),GLU,"{'TYR38', 'TYR57'}",3,2478
40036,6b3s_H(F)_ant(E),SER,"{'TYR38', 'TYR57'}",3,2478
39974,6b3s_H(C)_ant(B),SER,"{'TYR38', 'TYR57'}",3,2478
53870,6pxh_H(H)_ant(B),ASN,"{'TYR38', 'TYR57'}",3,2478
53812,6pxh_H(C)_ant(A),ASN,"{'TYR38', 'TYR57'}",3,2478
31317,5sx5_H(H)_ant(N),SER,"{'TYR38', 'TYR57'}",3,2478
50592,6oan_H(B)_ant(A),LEU,"{'TYR38', 'TYR57'}",3,2478
50620,6oan_H(D)_ant(C),LEU,"{'TYR38', 'TYR57'}",3,2478
51839,6p67_H(C)_ant(J),TYR,"{'TYR38', 'TYR57'}",3,2478
31377,5sx5_H(J)_ant(M),SER,"{'TYR38', 'TYR57'}",3,2478
42525,6ddv_H(B)_ant(C),ASP,"{'TYR38', 'TYR57'}",3,2478
45515,6ieb_H(H)_ant(A),ALA,"{'TYR38', 'TYR57'}",3,2478
42560,6dfj_H(H)_ant(E),MET,"{'TYR38', 'TYR57'}",3,2478
34572,5vlp_H(H)_ant(A),ALA,"{'TYR38', 'TYR57'}",3,2478
40795,6bfq_H(H)_ant(K),ASN,"{'TYR38', 'TYR57'}",3,2478
57913,6vo0_H(H)_ant(A),ASP,"{'TYR38', 'TYR57'}",3,2478
40741,6bfq_H(E)_ant(J),ASN,"{'TYR38', 'TYR57'}",3,2478
40687,6bfq_H(C)_ant(G),ASN,"{'TYR38', 'TYR57'}",3,2478
40098,6b3s_H(H)_ant(A),SER,"{'TYR38', 'TYR57'}",3,2478
44988,6hf1_H(C)_ant(A),GLY,"{'TYR38', 'TYR57'}",3,2478
32061,5uqy_H(D)_ant(A),PRO,"{'TYR38', 'TYR57'}",3,2478
57540,6vc9_H(H)_ant(A),LYS,"{'TYR38', 'TYR57'}",3,2478
31957,5ukr_H(H)_ant(G),GLY,"{'TYR38', 'TYR57'}",3,2478
45110,6hig_H(H)_ant(B),ALA,"{'TYR38', 'TYR57'}",3,2478
56972,6ukj_H(H)_ant(A),GLU,"{'TYR38', 'TYR57'}",3,2478
40635,6bfq_H(A)_ant(I),ASN,"{'TYR38', 'TYR57'}",3,2478
45034,6hf1_H(F)_ant(D),GLY,"{'TYR38', 'TYR57'}",3,2478
45490,6ieb_H(E)_ant(B),ALA,"{'TYR38', 'TYR57'}",3,2478
103770,7z0x_H(H)_ant(R),ASN,"{'TYR38', 'TYR57'}",3,2478
13435,4leo_H(A)_ant(C),LEU,"{'TYR38', 'TYR57'}",3,2478
85655,7m30_H(M)_ant(C),ASP,"{'TYR38', 'TYR57'}",3,2478
89421,7n3d_H(H)_ant(C),GLY,"{'TYR38', 'TYR57'}",3,2478
74109,7e7y_H(C)_ant(E),ASN,"{'TYR38', 'TYR57'}",3,2478
11596,4ht1_H(H)_ant(T),ASP,"{'TYR38', 'TYR57'}",3,2478
94179,7ps0_H(B)_ant(A),PRO,"{'TYR38', 'TYR57'}",3,2478
94260,7ps0_H(H)_ant(E),PRO,"{'TYR38', 'TYR57'}",3,2478
94567,7ps6_H(H)_ant(E),PRO,"{'TYR38', 'TYR57'}",3,2478
94617,7ps7_H(A)_ant(E),PRO,"{'TYR38', 'TYR57'}",3,2478
94756,7q0h_H(H)_ant(E),PRO,"{'TYR38', 'TYR57'}",3,2478
7686,3tt1_H(I)_ant(A),ARG,"{'TYR38', 'TYR57'}",3,2478
95767,7q9j_H(E)_ant(B),LYS,"{'TYR38', 'TYR57'}",3,2478
95821,7q9j_H(H)_ant(A),CYS,"{'TYR38', 'TYR57'}",3,2478
95883,7q9j_H(J)_ant(C),CYS,"{'TYR38', 'TYR57'}",3,2478
96794,7qnw_H(A)_ant(E),PRO,"{'TYR38', 'TYR57'}",3,2478
3870,3be1_H(H)_ant(A),GLU,"{'TYR38', 'TYR57'}",3,2478
2667,2j6e_H(I)_ant(B),LYS,"{'TYR38', 'TYR57'}",3,2478
2604,2j6e_H(H)_ant(A),LYS,"{'TYR38', 'TYR57'}",3,2478
21799,4yk4_H(C)_ant(A),ARG,"{'TYR38', 'TYR57'}",3,2478
21895,4yk4_H(Z)_ant(E),ARG,"{'TYR38', 'TYR57'}",3,2478
29040,5k59_H(E)_ant(B),ASP,"{'TYR38', 'TYR57'}",3,2478
29140,5k59_H(H)_ant(A),ASP,"{'TYR38', 'TYR57'}",3,2478
51016,6ogx_H(C)_ant(G),ALA,"{'TYR38', 'TYR57'}",3,2478
39163,6ayz_H(B)_ant(A),GLU,"{'SER64', 'TYR57'}",4,2344
55951,6tou_H(A)_ant(G),ASP,"{'SER64', 'TYR57'}",4,2344
39200,6ayz_H(R)_ant(M),GLU,"{'SER64', 'TYR57'}",4,2344
61127,6ww5_H(E)_ant(A),GLY,"{'SER64', 'TYR57'}",4,2344
82130,7l7r_H(D)_ant(G),GLY,"{'SER64', 'TYR57'}",4,2344
50372,6o39_H(B)_ant(C),PHE,"{'SER64', 'TYR57'}",4,2344
40523,6bf9_H(E)_ant(B),GLU,"{'SER64', 'TYR57'}",4,2344
40417,6bf9_H(C)_ant(A),GLU,"{'SER64', 'TYR57'}",4,2344
87351,7mxe_H(R)_ant(J),ASN,"{'SER64', 'TYR57'}",4,2344
24689,5dhv_H(A)_ant(N),LEU,"{'SER64', 'TYR57'}",4,2344
31106,5omn_H(C)_ant(B),ARG,"{'SER64', 'TYR57'}",4,2344
24717,5dhv_H(H)_ant(M),LEU,"{'SER64', 'TYR57'}",4,2344
57931,6vo1_H(G)_ant(C),GLU,"{'SER64', 'TYR57'}",4,2344
86744,7mdp_H(H)_ant(A),SER,"{'SER36', 'SER35'}",5,2212
54078,6qfc_H(B)_ant(A),ARG,"{'SER36', 'SER35'}",5,2212
27143,5gru_H(H)_ant(A),SER,"{'SER36', 'SER35'}",5,2212
15097,4o02_H(H)_ant(A),ASP,"{'SER36', 'SER35'}",5,2212
86362,7m6i_H(M)_ant(A),TYR,"{'SER36', 'SER35'}",5,2212
47211,6lxj_H(E)_ant(B),ASP,"{'SER36', 'SER35'}",5,2212
47250,6lxj_H(H)_ant(A),ASP,"{'SER36', 'SER35'}",5,2212
7153,3s36_H(H)_ant(X),ASN,"{'SER36', 'SER35'}",5,2212
47498,6m3b_H(C)_ant(A),MET,"{'SER36', 'SER35'}",5,2212
47327,6lxj_H(M)_ant(D),ASP,"{'SER36', 'SER35'}",5,2212
87413,7mxl_H(H)_ant(C),ARG,"{'SER36', 'SER35'}",5,2212
39507,6b0h_H(D)_ant(I),GLN,"{'SER36', 'SER35'}",5,2212
5126,3jba_H(H)_ant(A),THR,"{'SER36', 'SER35'}",5,2212
97465,7r7n_H(H)_ant(E),PHE,"{'SER36', 'SER35'}",5,2212
86929,7me7_H(A)_ant(R),ASN,"{'SER36', 'SER35'}",5,2212
47288,6lxj_H(J)_ant(C),ASP,"{'SER36', 'SER35'}",5,2212
89560,7n62_H(H)_ant(A),PHE,"{'SER36', 'SER35'}",5,2212
92954,7pi3_H(P)_ant(O),ARG,"{'SER36', 'SER35'}",5,2212
5797,3l95_H(H)_ant(Y),LYS,"{'SER36', 'SER35'}",5,2212
94890,7q6e_H(H)_ant(A),ASP,"{'SER36', 'SER35'}",5,2212
9203,4cad_H(B)_ant(C),ASP,"{'SER36', 'SER35'}",5,2212
9255,4cad_H(E)_ant(F),ASP,"{'SER36', 'SER35'}",5,2212
10468,4gms_H(H)_ant(A),ASN,"{'SER36', 'SER35'}",5,2212
10555,4gms_H(I)_ant(C),ASN,"{'SER36', 'SER35'}",5,2212
43857,6fuz_H(N)_ant(A),GLU,"{'SER36', 'SER35'}",5,2212
10667,4gms_H(J)_ant(E),ASN,"{'SER36', 'SER35'}",5,2212
11535,4hj0_H(C)_ant(B),GLU,"{'SER36', 'SER35'}",5,2212
43423,6f2g_H(B)_ant(A),LYS,"{'SER36', 'SER35'}",5,2212
5737,3l95_H(B)_ant(X),LYS,"{'SER36', 'SER35'}",5,2212
93037,7pi3_H(W)_ant(V),ARG,"{'SER36', 'SER35'}",5,2212
92861,7pi3_H(I)_ant(H),ARG,"{'SER36', 'SER35'}",5,2212
92780,7pi3_H(B)_ant(A),ARG,"{'SER36', 'SER35'}",5,2212
92735,7phw_H(E)_ant(D),ASN,"{'SER36', 'SER35'}",5,2212
42574,6djp_H(C)_ant(A),PRO,"{'SER36', 'SER35'}",5,2212
92668,7phw_H(B)_ant(A),ASN,"{'SER36', 'SER35'}",5,2212
56569,6tys_H(C)_ant(B),ARG,"{'SER36', 'SER35'}",5,2212
91822,7oly_H(H)_ant(C),ARG,"{'SER36', 'SER35'}",5,2212
13185,4ki5_H(E)_ant(M),LEU,"{'SER36', 'SER35'}",5,2212
27372,5gzo_H(C)_ant(B),THR,"{'SER36', 'SER35'}",5,2212
92943,7pi3_H(M)_ant(H),SER,"{'SER36', 'SER35'}",5,2212
6292,3nps_H(B)_ant(A),ASP,"{'SER36', 'SER35'}",5,2212
39472,6b0h_H(B)_ant(J),LYS,"{'SER36', 'SER35'}",5,2212
54024,6q0o_H(Z)_ant(A),GLY,"{'SER36', 'SER35'}",5,2212
35545,5w1k_H(D)_ant(E),ILE,"{'SER36', 'SER35'}",5,2212
27072,5grj_H(H)_ant(A),GLN,"{'SER36', 'SER35'}",5,2212
22937,5b71_H(D)_ant(F),HIS,"{'SER36', 'SER35'}",5,2212
101723,7tdm_H(H)_ant(B),ASN,"{'SER36', 'SER35'}",5,2212
52918,6pdx_H(O)_ant(C),MET,"{'SER36', 'SER35'}",5,2212
34542,5vl7_H(H)_ant(B),ASP,"{'SER36', 'SER35'}",5,2212
102025,7tht_H(H)_ant(C),ASN,"{'SER36', 'SER35'}",5,2212
50380,6o3a_H(B)_ant(E),LYS,"{'SER36', 'SER35'}",5,2212
35573,5w1k_H(I)_ant(J),ILE,"{'SER36', 'SER35'}",5,2212
52896,6pdx_H(M)_ant(B),MET,"{'SER36', 'SER35'}",5,2212
81632,7l2f_H(H)_ant(A),GLN,"{'SER36', 'SER35'}",5,2212
81570,7l2f_H(G)_ant(C),GLN,"{'SER36', 'SER35'}",5,2212
81092,7kyo_H(H)_ant(B),GLU,"{'SER36', 'SER35'}",5,2212
33460,5vag_H(C)_ant(A),ASN,"{'SER36', 'SER35'}",5,2212
52867,6pdx_H(H)_ant(A),MET,"{'SER36', 'SER35'}",5,2212
71707,7djz_H(A)_ant(C),TYR,"{'SER36', 'SER35'}",5,2212
71723,7dk0_H(A)_ant(C),ASN,"{'SER36', 'SER35'}",5,2212
103421,7wpd_H(X)_ant(A),THR,"{'SER36', 'SER35'}",5,2212
1159,1pkq_H(G)_ant(J),GLN,"{'SER36', 'SER35'}",5,2212
100780,7sp7_H(C)_ant(A),ARG,"{'SER36', 'SER35'}",5,2212
22880,5b71_H(B)_ant(E),HIS,"{'SER36', 'SER35'}",5,2212
37830,5yoy_H(P)_ant(K),GLU,"{'SER36', 'SER35'}",5,2212
38429,6al5_H(H)_ant(A),ILE,"{'SER36', 'SER35'}",5,2212
83707,7lqv_H(Y)_ant(C),SER,"{'SER36', 'SER35'}",5,2212
83677,7lqv_H(W)_ant(B),GLN,"{'SER36', 'SER35'}",5,2212
83647,7lqv_H(H)_ant(A),GLN,"{'SER36', 'SER35'}",5,2212
4598,3eo1_H(H)_ant(I),LEU,"{'SER36', 'SER35'}",5,2212
62599,6yio_H(H)_ant(B),TYR,"{'SER36', 'SER35'}",5,2212
3348,2xqb_H(H)_ant(A),ASN,"{'SER36', 'SER35'}",5,2212
37789,5yoy_H(I)_ant(A),GLU,"{'SER36', 'SER35'}",5,2212
37748,5yoy_H(G)_ant(B),GLU,"{'SER36', 'SER35'}",5,2212
37671,5xwd_H(H)_ant(A),GLN,"{'SER36', 'SER35'}",5,2212
37639,5xmh_H(H)_ant(A),ILE,"{'SER36', 'SER35'}",5,2212
94953,7q6e_H(J)_ant(C),ASP,"{'SER36', 'SER35'}",5,2212
99270,7s0c_H(H)_ant(A),THR,"{'SER36', 'SER35'}",5,2212
63669,6zxn_H(F)_ant(C),GLY,"{'SER36', 'SER35'}",5,2212
76296,7jmp_H(H)_ant(A),GLN,"{'SER36', 'SER35'}",5,2212
37620,5xmh_H(D)_ant(B),ILE,"{'SER36', 'SER35'}",5,2212
103720,7x7e_H(B)_ant(C),GLN,"{'THR29', 'SER36'}",6,1560
103667,7x7d_H(B)_ant(A),GLN,"{'THR29', 'SER36'}",6,1560
57099,6umx_H(h)_ant(B),ASN,"{'THR29', 'SER36'}",6,1560
47770,6mei_H(H)_ant(C),LYS,"{'THR29', 'SER36'}",6,1560
57023,6umx_H(H)_ant(A),ASN,"{'THR29', 'SER36'}",6,1560
95009,7q9g_H(E)_ant(B),ALA,"{'THR29', 'SER36'}",6,1560
100891,7swo_H(H)_ant(A),ALA,"{'THR29', 'SER36'}",6,1560
96920,7qny_H(H)_ant(E),ALA,"{'THR29', 'SER36'}",6,1560
95387,7q9g_H(H)_ant(A),ALA,"{'THR29', 'SER36'}",6,1560
77080,7k7y_H(F)_ant(E),GLU,"{'THR29', 'SER36'}",6,1560
102456,7vmu_H(A)_ant(B),ALA,"{'THR29', 'SER36'}",6,1560
56774,6u0n_H(P)_ant(C),THR,"{'THR29', 'SER36'}",6,1560
75806,7jmo_H(H)_ant(A),ALA,"{'THR29', 'SER36'}",6,1560
1030,1oaz_H(H)_ant(A),GLU,"{'THR29', 'SER36'}",6,1560
30303,5mvz_H(H)_ant(U),ASN,"{'THR29', 'SER36'}",6,1560
48768,6n4y_H(E)_ant(B),ARG,"{'THR29', 'SER36'}",6,1560
97547,7r8l_H(H)_ant(E),ALA,"{'THR29', 'SER36'}",6,1560
101508,7t3d_H(K)_ant(F),GLU,"{'THR29', 'SER36'}",6,1560
56738,6u0n_H(I)_ant(B),THR,"{'THR29', 'SER36'}",6,1560
50555,6o9i_H(D)_ant(C),GLN,"{'THR29', 'SER36'}",6,1560
56697,6u0n_H(H)_ant(A),THR,"{'THR29', 'SER36'}",6,1560
77051,7k7y_H(D)_ant(A),GLU,"{'THR29', 'SER36'}",6,1560
48911,6n4y_H(F)_ant(A),ARG,"{'THR29', 'SER36'}",6,1560
79468,7kmi_H(A)_ant(C),ALA,"{'THR29', 'SER36'}",6,1560
73407,7e5y_H(H)_ant(R),ALA,"{'THR29', 'SER36'}",6,1560
88136,7mzg_H(H)_ant(A),ALA,"{'THR29', 'SER36'}",6,1560
16349,4s10_H(A)_ant(C),GLU,"{'THR29', 'SER36'}",6,1560
16401,4s10_H(B)_ant(D),GLU,"{'THR29', 'SER36'}",6,1560
86992,7mem_H(H)_ant(E),GLU,"{'THR29', 'SER36'}",6,1560
7355,3so3_H(C)_ant(A),ARG,"{'THR29', 'SER36'}",6,1560
78433,7kfy_H(H)_ant(A),ALA,"{'THR29', 'SER36'}",6,1560
63634,6zxn_H(D)_ant(A),GLY,"{'THR29', 'SER36'}",6,1560
64727,7bei_H(H)_ant(E),ALA,"{'THR29', 'SER36'}",6,1560
22680,4zso_H(B)_ant(E),ASN,"{'THR29', 'SER36'}",6,1560
22751,4zso_H(D)_ant(F),ASN,"{'THR29', 'SER36'}",6,1560
65835,7c01_H(H)_ant(A),ALA,"{'THR29', 'SER36'}",6,1560
67926,7chs_H(H)_ant(E),ALA,"{'THR29', 'SER36'}",6,1560
34392,5vl3_H(H)_ant(Q),ASP,"{'THR29', 'SER36'}",6,1560
34239,5vl3_H(E)_ant(T),ASP,"{'THR29', 'SER36'}",6,1560
34080,5vl3_H(C)_ant(S),ASP,"{'THR29', 'SER36'}",6,1560
33925,5vl3_H(A)_ant(R),ASP,"{'THR29', 'SER36'}",6,1560
70071,7czq_H(H)_ant(A),ALA,"{'THR29', 'SER36'}",6,1560
70557,7czq_H(J)_ant(C),ALA,"{'THR29', 'SER36'}",6,1560
71305,7czz_H(I)_ant(B),GLN,"{'THR29', 'SER36'}",6,1560
80599,7ks9_H(H)_ant(B),ALA,"{'THR29', 'SER36'}",6,1560
79878,7kn6_H(H)_ant(A),ALA,"{'THR29', 'SER36'}",6,1560
88632,7mzn_H(H)_ant(A),ALA,"{'THR29', 'SER36'}",6,1560
89792,7np1_H(H)_ant(A),ALA,"{'THR29', 'SER36'}",6,1560
17980,4w2q_H(G)_ant(H),ASP,"{'THR29', 'SER36'}",6,1560
59861,6wo4_H(H)_ant(E),PHE,"{'THR29', 'SER36'}",6,1560
94882,7q6e_H(E)_ant(B),VAL,"{'THR29', 'SER36'}",6,1560
77106,7k7y_H(H)_ant(G),GLU,"{'THR29', 'SER36'}",6,1560
72994,7e5y_H(C)_ant(A),ALA,"{'THR29', 'SER36'}",6,1560
9680,4dke_H(H)_ant(A),PRO,"{'THR29', 'SER36'}",6,1560
77993,7k9z_H(H)_ant(E),GLU,"{'THR29', 'SER36'}",6,1560
27446,5hgg_H(T)_ant(A),ARG,"{'THR29', 'SER36'}",6,1560
78169,7kej_H(H)_ant(B),GLU,"{'THR29', 'SER36'}",6,1560
93255,7pqz_H(H)_ant(E),ALA,"{'THR29', 'SER36'}",6,1560
78991,7kmh_H(A)_ant(C),ALA,"{'THR29', 'SER36'}",6,1560
91875,7or9_H(A)_ant(E),ALA,"{'THR29', 'SER36'}",6,1560
90258,7np1_H(I)_ant(B),ALA,"{'THR29', 'SER36'}",6,1560
91213,7np1_H(K)_ant(D),ALA,"{'THR29', 'SER36'}",6,1560
30149,5mvz_H(A)_ant(V),ASP,"{'THR29', 'SER36'}",6,1560
90729,7np1_H(J)_ant(C),ALA,"{'THR29', 'SER36'}",6,1560
83725,7lr3_H(A)_ant(C),ASN,"{'TYR37', 'ASP36'}",7,1532
54897,6rlo_H(A)_ant(I),ASP,"{'TYR37', 'ASP36'}",7,1532
80463,7kqg_H(B)_ant(A),ARG,"{'TYR37', 'ASP36'}",7,1532
55075,6rlo_H(E)_ant(K),ASP,"{'TYR37', 'ASP36'}",7,1532
71470,7daa_H(H)_ant(A),GLN,"{'TYR37', 'ASP36'}",7,1532
55164,6rlo_H(G)_ant(L),ASP,"{'TYR37', 'ASP36'}",7,1532
55621,6svl_H(A)_ant(C),ARG,"{'TYR37', 'ASP36'}",7,1532
55668,6svl_H(D)_ant(F),ARG,"{'TYR37', 'ASP36'}",7,1532
58380,6vyh_H(D)_ant(A),ARG,"{'TYR37', 'ASP36'}",7,1532
55715,6svl_H(G)_ant(J),ARG,"{'TYR37', 'ASP36'}",7,1532
61602,6xdg_H(B)_ant(E),TYR,"{'TYR37', 'ASP36'}",7,1532
55762,6svl_H(H)_ant(Q),ARG,"{'TYR37', 'ASP36'}",7,1532
82290,7lab_H(Y)_ant(B),ARG,"{'TYR37', 'ASP36'}",7,1532
82837,7lf2_H(G)_ant(C),LYS,"{'TYR37', 'ASP36'}",7,1532
52929,6pe9_H(C)_ant(G),GLU,"{'TYR37', 'ASP36'}",7,1532
53013,6pe9_H(H)_ant(V),GLU,"{'TYR37', 'ASP36'}",7,1532
53129,6pe9_H(K)_ant(J),GLU,"{'TYR37', 'ASP36'}",7,1532
98139,7rd5_H(B)_ant(F),GLU,"{'TYR37', 'ASP36'}",7,1532
66597,7c4s_H(J)_ant(B),ALA,"{'TYR37', 'ASP36'}",7,1532
66528,7c4s_H(H)_ant(A),ALA,"{'TYR37', 'ASP36'}",7,1532
59678,6wmw_H(H)_ant(B),GLN,"{'TYR37', 'ASP36'}",7,1532
61875,6xkp_H(H)_ant(A),LYS,"{'TYR37', 'ASP36'}",7,1532
78857,7ki6_H(H)_ant(A),LEU,"{'TYR37', 'ASP36'}",7,1532
61917,6xkp_H(M)_ant(B),LYS,"{'TYR37', 'ASP36'}",7,1532
53796,6ppg_H(B)_ant(G),HIS,"{'TYR37', 'ASP36'}",7,1532
63897,7ahv_H(A)_ant(H),LYS,"{'TYR37', 'ASP36'}",7,1532
55856,6svl_H(O)_ant(R),ARG,"{'TYR37', 'ASP36'}",7,1532
63017,6z20_H(B)_ant(A),GLN,"{'TYR37', 'ASP36'}",7,1532
55809,6svl_H(K)_ant(N),ARG,"{'TYR37', 'ASP36'}",7,1532
83919,7lr3_H(H)_ant(D),ASN,"{'TYR37', 'ASP36'}",7,1532
54986,6rlo_H(C)_ant(J),ASP,"{'TYR37', 'ASP36'}",7,1532
10,1ahw_H(E)_ant(F),ARG,"{'TYR37', 'ASP36'}",7,1532
48274,6mtq_H(H)_ant(T),THR,"{'TYR37', 'ASP36'}",7,1532
12620,4jre_H(H)_ant(D),ARG,"{'TYR37', 'ASP36'}",7,1532
12742,4jzj_H(A)_ant(D),PRO,"{'TYR37', 'ASP36'}",7,1532
47037,6lgw_H(A)_ant(E),LYS,"{'TYR37', 'ASP36'}",7,1532
46969,6l62_H(H)_ant(A),LYS,"{'TYR37', 'ASP36'}",7,1532
12761,4jzj_H(H)_ant(C),PRO,"{'TYR37', 'ASP36'}",7,1532
44854,6h2y_H(H)_ant(D),GLY,"{'TYR37', 'ASP36'}",7,1532
13137,4ki5_H(C)_ant(M),GLN,"{'TYR37', 'ASP36'}",7,1532
42964,6elu_H(E)_ant(D),LYS,"{'TYR37', 'ASP36'}",7,1532
40145,6ba5_H(F)_ant(O),SER,"{'TYR37', 'ASP36'}",7,1532
32257,5usi_H(H)_ant(X),GLN,"{'TYR37', 'ASP36'}",7,1532
46608,6k68_H(J)_ant(L),ASN,"{'TYR37', 'ASP36'}",7,1532
46549,6k68_H(C)_ant(E),ASN,"{'TYR37', 'ASP36'}",7,1532
46521,6k65_H(H)_ant(A),ASN,"{'TYR37', 'ASP36'}",7,1532
40886,6bit_H(I)_ant(H),GLN,"{'TYR37', 'ASP36'}",7,1532
40991,6bit_H(J)_ant(G),GLN,"{'TYR37', 'ASP36'}",7,1532
42939,6elu_H(B)_ant(A),LYS,"{'TYR37', 'ASP36'}",7,1532
36429,5wux_H(H)_ant(E),GLN,"{'TYR37', 'ASP36'}",7,1532
17793,4uv7_H(H)_ant(A),ARG,"{'TYR37', 'ASP36'}",7,1532
29505,5lsp_H(H)_ant(A),ARG,"{'TYR37', 'ASP36'}",7,1532
31243,5ovw_H(I)_ant(B),ASN,"{'TYR37', 'ASP36'}",7,1532
32177,5usi_H(A)_ant(Y),GLN,"{'TYR37', 'ASP36'}",7,1532
32028,5umi_H(H)_ant(C),ASN,"{'TYR37', 'ASP36'}",7,1532
41359,6c08_H(A)_ant(C),TYR,"{'TYR37', 'ASP36'}",7,1532
12541,4jre_H(B)_ant(A),ARG,"{'TYR37', 'ASP36'}",7,1532
41373,6c08_H(D)_ant(F),TYR,"{'TYR37', 'ASP36'}",7,1532
11755,4i1n_H(B)_ant(A),ASN,"{'TYR37', 'ASP36'}",7,1532
9380,4cmh_H(B)_ant(A),ARG,"{'TYR37', 'ASP36'}",7,1532
308,1egj_H(H)_ant(A),GLU,"{'TYR37', 'ASP36'}",7,1532
50961,6oge_H(C)_ant(A),PRO,"{'TYR37', 'ASP36'}",7,1532
474,1fj1_H(B)_ant(F),ASN,"{'TYR37', 'ASP36'}",7,1532
36338,5wux_H(C)_ant(G),ARG,"{'TYR37', 'ASP36'}",7,1532
1416,1uj3_H(B)_ant(C),ARG,"{'TYR37', 'ASP36'}",7,1532
1570,1ynt_H(D)_ant(G),SER,"{'TYR37', 'ASP36'}",7,1532
36250,5wux_H(A)_ant(F),ARG,"{'TYR37', 'ASP36'}",7,1532
1760,1ztx_H(H)_ant(E),GLN,"{'TYR37', 'ASP36'}",7,1532
37885,5ywo_H(N)_ant(C),GLN,"{'TYR37', 'ASP36'}",7,1532
22191,4yqx_H(H)_ant(A),ARG,"{'TYR37', 'ASP36'}",7,1532
3254,2w9e_H(H)_ant(A),TYR,"{'TYR37', 'ASP36'}",7,1532
3179,2vxt_H(H)_ant(I),ARG,"{'TYR37', 'ASP36'}",7,1532
37959,5ywp_H(R)_ant(A),GLN,"{'TYR37', 'ASP36'}",7,1532
35482,5w0k_H(H)_ant(A),ASN,"{'TYR37', 'ASP36'}",7,1532
42988,6elu_H(H)_ant(G),LYS,"{'TYR37', 'ASP36'}",7,1532
38017,5zs0_H(B)_ant(C),ARG,"{'TYR37', 'ASP36'}",7,1532
4962,3i50_H(H)_ant(E),GLY,"{'TYR37', 'ASP36'}",7,1532
5560,3kj6_H(H)_ant(A),GLY,"{'TYR37', 'ASP36'}",7,1532
22249,4yqx_H(N)_ant(M),ARG,"{'TYR37', 'ASP36'}",7,1532
5890,3mj9_H(H)_ant(A),ASN,"{'TYR37', 'ASP36'}",7,1532
35416,5w0k_H(E)_ant(C),ALA,"{'TYR37', 'ASP36'}",7,1532
8352,3wih_H(H)_ant(A),LYS,"{'TYR37', 'ASP36'}",7,1532
3728,2ypv_H(H)_ant(A),LYS,"{'TYR37', 'ASP36'}",7,1532
31803,5u8r_H(H)_ant(A),ASN,"{'TYR37', 'ASP36'}",7,1532
59046,6wgl_H(A)_ant(C),GLU,"{'SER59', 'SER57'}",8,1532
28530,5j56_H(B)_ant(A),GLU,"{'SER59', 'SER57'}",8,1532
33643,5veb_H(A)_ant(X),ASP,"{'SER59', 'SER57'}",8,1532
60459,6wtu_H(B)_ant(A),ASP,"{'SER59', 'SER57'}",8,1532
60595,6wtu_H(E)_ant(D),ASP,"{'SER59', 'SER57'}",8,1532
60731,6wtu_H(H)_ant(G),ASP,"{'SER59', 'SER57'}",8,1532
60867,6wtu_H(K)_ant(J),ASP,"{'SER59', 'SER57'}",8,1532
33533,5van_H(B)_ant(A),ASP,"{'SER59', 'SER57'}",8,1532
25542,5f6j_H(H)_ant(E),ASP,"{'SER59', 'SER57'}",8,1532
33731,5veb_H(H)_ant(Y),ASP,"{'SER59', 'SER57'}",8,1532
68513,7cj2_H(K)_ant(B),ASP,"{'SER59', 'SER57'}",8,1532
68406,7cj2_H(C)_ant(A),ASP,"{'SER59', 'SER57'}",8,1532
62742,6yye_H(C)_ant(A),GLU,"{'SER59', 'SER57'}",8,1532
41146,6bp2_H(H)_ant(A),GLN,"{'SER59', 'SER57'}",8,1532
58329,6vy5_H(H)_ant(A),GLN,"{'SER59', 'SER57'}",8,1532
63997,7aqg_H(C)_ant(A),GLN,"{'SER59', 'SER57'}",8,1532
5933,3n85_H(H)_ant(A),ASP,"{'SER59', 'SER57'}",8,1532
89692,7nft_H(D)_ant(B),ASP,"{'SER59', 'SER57'}",8,1532
86792,7mdt_H(H)_ant(A),ASP,"{'SER59', 'SER57'}",8,1532
85366,7m1h_H(B)_ant(A),GLU,"{'SER59', 'SER57'}",8,1532
9788,4dtg_H(H)_ant(K),GLU,"{'SER59', 'SER57'}",8,1532
89622,7nft_H(C)_ant(A),ASP,"{'SER59', 'SER57'}",8,1532
5592,3kr3_H(H)_ant(D),GLU,"{'SER59', 'SER57'}",8,1532
84451,7lxz_H(H)_ant(A),ASP,"{'SER59', 'SER57'}",8,1532
98486,7rxi_H(H)_ant(A),ASP,"{'SER59', 'SER57'}",8,1532
14673,4nik_H(B)_ant(A),GLU,"{'SER59', 'SER57'}",8,1532
53521,6phc_H(C)_ant(E),GLU,"{'SER59', 'SER57'}",8,1532
53354,6phc_H(A)_ant(I),GLU,"{'SER59', 'SER57'}",8,1532
2105,2dqd_H(H)_ant(Y),ASP,"{'SER59', 'SER57'}",8,1532
50151,6nmv_H(H)_ant(S),GLU,"{'SER59', 'SER57'}",8,1532
101529,7t3d_H(O)_ant(G),GLU,"{'SER59', 'SER57'}",8,1532
102209,7tp3_H(H)_ant(Z),ASP,"{'SER59', 'SER57'}",8,1532
99301,7s0x_H(C)_ant(F),ASP,"{'SER59', 'SER57'}",8,1532
92479,7pc2_H(G)_ant(C),ASN,"{'TRP55', 'ASN66'}",9,1472
13525,4lsq_H(H)_ant(G),ALA,"{'TRP55', 'ASN66'}",9,1472
33270,5v8l_H(I)_ant(D),ASN,"{'TRP55', 'ASN66'}",9,1472
13840,4lsu_H(H)_ant(G),ASN,"{'TRP55', 'ASN66'}",9,1472
35890,5wb9_H(H)_ant(G),ASN,"{'TRP55', 'ASN66'}",9,1472
33074,5v8l_H(H)_ant(A),ASN,"{'TRP55', 'ASN66'}",9,1472
32883,5v8l_H(G)_ant(C),ASN,"{'TRP55', 'ASN66'}",9,1472
81765,7l56_H(F)_ant(C),VAL,"{'TRP55', 'ASN66'}",9,1472
16743,4s1r_H(H)_ant(G),ASN,"{'TRP55', 'ASN66'}",9,1472
24004,5cd5_H(C)_ant(A),ASN,"{'TRP55', 'ASN66'}",9,1472
81856,7l56_H(J)_ant(B),GLU,"{'TRP55', 'ASN66'}",9,1472
26292,5fec_H(A)_ant(D),ASN,"{'TRP55', 'ASN66'}",9,1472
26559,5fec_H(H)_ant(I),ASN,"{'TRP55', 'ASN66'}",9,1472
27832,5if0_H(A)_ant(I),ASN,"{'TRP55', 'ASN66'}",9,1472
28190,5igx_H(H)_ant(G),ALA,"{'TRP55', 'ASN66'}",9,1472
83314,7lop_H(H)_ant(A),GLU,"{'TRP55', 'ASN66'}",9,1472
83401,7lop_H(X)_ant(Z),GLU,"{'TRP55', 'ASN66'}",9,1472
21398,4ydl_H(H)_ant(G),ASN,"{'TRP55', 'ASN66'}",9,1472
21051,4ydl_H(B)_ant(A),ASN,"{'TRP55', 'ASN66'}",9,1472
19639,4xnz_H(H)_ant(G),ALA,"{'TRP55', 'ASN66'}",9,1472
75546,7jkt_H(H)_ant(G),ASN,"{'TRP55', 'ASN66'}",9,1472
51229,6oz3_H(H)_ant(G),ASN,"{'TRP55', 'ASN66'}",9,1472
19309,4xnz_H(E)_ant(D),ALA,"{'TRP55', 'ASN66'}",9,1472
84779,7ly9_H(A)_ant(K),ASN,"{'TRP55', 'ASN66'}",9,1472
84955,7ly9_H(B)_ant(G),ASN,"{'TRP55', 'ASN66'}",9,1472
85138,7ly9_H(E)_ant(D),ASN,"{'TRP55', 'ASN66'}",9,1472
19012,4xnz_H(B)_ant(A),ASN,"{'TRP55', 'ASN66'}",9,1472
18627,4xmp_H(H)_ant(G),ALA,"{'TRP55', 'ASN66'}",9,1472
17102,4s1s_H(H)_ant(G),ASN,"{'TRP55', 'ASN66'}",9,1472
89206,7n28_H(S)_ant(G),ASN,"{'TRP55', 'ASN66'}",9,1472
20721,4ydi_H(H)_ant(G),ASN,"{'TRP55', 'ASN66'}",9,1472
51513,6oz4_H(H)_ant(G),ASN,"{'TRP55', 'ASN66'}",9,1472
75261,7jks_H(H)_ant(G),ASN,"{'TRP55', 'ASN66'}",9,1472
57990,6vo3_H(I)_ant(D),ASN,"{'TRP55', 'ASN66'}",9,1472
42063,6d2p_H(H)_ant(C),ASN,"{'TRP55', 'ASN66'}",9,1472
52263,6p8n_H(H)_ant(C),ALA,"{'TRP55', 'ASN66'}",9,1472
51861,6p8n_H(B)_ant(A),ALA,"{'TRP55', 'ASN66'}",9,1472
48335,6myy_H(G)_ant(E),ASN,"{'TRP55', 'ASN66'}",9,1472
40157,6bck_H(H)_ant(G),ASN,"{'TRP55', 'ASN66'}",9,1472
61684,6xey_H(F)_ant(B),GLU,"{'TRP55', 'ASN66'}",9,1472
61759,6xey_H(H)_ant(A),GLU,"{'TRP55', 'ASN66'}",9,1472
49913,6nm6_H(U)_ant(G),ASN,"{'TRP55', 'ASN66'}",9,1472
86182,7m6f_H(C)_ant(E),ASN,"{'PHE28', 'GLY27'}",10,1400
27437,5hgg_H(S)_ant(B),SER,"{'PHE28', 'GLY27'}",10,1400
17966,4w2q_H(E)_ant(F),GLU,"{'PHE28', 'GLY27'}",10,1400
77849,7k9h_H(I)_ant(C),TYR,"{'PHE28', 'GLY27'}",10,1400
17945,4w2q_H(A)_ant(B),GLU,"{'PHE28', 'GLY27'}",10,1400
77157,7k8m_H(A)_ant(E),ALA,"{'PHE28', 'GLY27'}",10,1400
100671,7so9_H(C)_ant(A),PRO,"{'PHE28', 'GLY27'}",10,1400
48305,6mvl_H(H)_ant(A),GLU,"{'PHE28', 'GLY27'}",10,1400
76704,7jv4_H(H)_ant(A),ASN,"{'PHE28', 'GLY27'}",10,1400
76678,7jv4_H(F)_ant(C),ASN,"{'PHE28', 'GLY27'}",10,1400
26836,5fhc_H(H)_ant(K),SER,"{'PHE28', 'GLY27'}",10,1400
76651,7jv4_H(D)_ant(B),ASN,"{'PHE28', 'GLY27'}",10,1400
99852,7s4s_H(H)_ant(A),ALA,"{'PHE28', 'GLY27'}",10,1400
91672,7ntc_H(H)_ant(C),LYS,"{'PHE28', 'GLY27'}",10,1400
102346,7uap_H(M)_ant(B),ASN,"{'PHE28', 'GLY27'}",10,1400
7919,3uzq_H(A)_ant(B),GLU,"{'PHE28', 'GLY27'}",10,1400
41163,6bpa_H(B)_ant(A),ASP,"{'PHE28', 'GLY27'}",10,1400
41208,6bpa_H(E)_ant(D),ASP,"{'PHE28', 'GLY27'}",10,1400
74360,7ean_H(H)_ant(A),ILE,"{'PHE28', 'GLY27'}",10,1400
74335,7eam_H(H)_ant(A),ILE,"{'PHE28', 'GLY27'}",10,1400
72704,7e3o_H(H)_ant(R),GLU,"{'PHE28', 'GLY27'}",10,1400
12995,4k9e_H(H)_ant(C),ASN,"{'PHE28', 'GLY27'}",10,1400
101659,7t5f_H(E)_ant(D),ASN,"{'PHE28', 'GLY27'}",10,1400
44756,6gku_H(H)_ant(A),TYR,"{'PHE28', 'GLY27'}",10,1400
50992,6oge_H(E)_ant(A),ASP,"{'PHE28', 'GLY27'}",10,1400
66916,7chh_H(J)_ant(C),TYR,"{'PHE28', 'GLY27'}",10,1400
66958,7cho_H(B)_ant(A),ALA,"{'PHE28', 'GLY27'}",10,1400
67476,7cho_H(H)_ant(E),ALA,"{'PHE28', 'GLY27'}",10,1400
101589,7t5f_H(B)_ant(A),ASN,"{'PHE28', 'GLY27'}",10,1400
11745,4i18_H(H)_ant(C),ILE,"{'PHE28', 'GLY27'}",10,1400
8685,3zkx_H(C)_ant(A),THR,"{'PHE28', 'GLY27'}",10,1400
2837,2q8a_H(H)_ant(A),ASN,"{'PHE28', 'GLY27'}",10,1400
66886,7chh_H(D)_ant(A),TYR,"{'PHE28', 'GLY27'}",10,1400
68629,7cjf_H(A)_ant(C),ALA,"{'PHE28', 'GLY27'}",10,1400
94131,7prz_H(H)_ant(E),TYR,"{'PHE28', 'GLY27'}",10,1400
94020,7pr0_H(H)_ant(E),ALA,"{'PHE28', 'GLY27'}",10,1400
58271,6vy2_H(H)_ant(A),ARG,"{'PHE28', 'GLY27'}",10,1400
93906,7pr0_H(G)_ant(D),ALA,"{'PHE28', 'GLY27'}",10,1400
93811,7pr0_H(C)_ant(A),ALA,"{'PHE28', 'GLY27'}",10,1400
11736,4i18_H(A)_ant(R),ILE,"{'PHE28', 'GLY27'}",10,1400
94352,7ps2_H(A)_ant(G),TYR,"{'PHE28', 'GLY27'}",10,1400
66901,7chh_H(G)_ant(B),TYR,"{'PHE28', 'GLY27'}",10,1400
50449,6o9i_H(A)_ant(C),GLU,"{'SER57', 'SER58'}",11,1240
20472,4ybq_H(D)_ant(B),ASP,"{'SER57', 'SER58'}",11,1240
20580,4ybq_H(F)_ant(A),ASP,"{'SER57', 'SER58'}",11,1240
85493,7m1h_H(G)_ant(A),ASP,"{'SER57', 'SER58'}",11,1240
63493,6zpl_H(F)_ant(A),ARG,"{'SER57', 'SER58'}",11,1240
58155,6vvu_H(G)_ant(D),PRO,"{'SER57', 'SER58'}",11,1240
49677,6n5b_H(H)_ant(B),ARG,"{'SER57', 'SER58'}",11,1240
49739,6n5e_H(E)_ant(A),ARG,"{'SER57', 'SER58'}",11,1240
613,1h0d_H(B)_ant(C),GLY,"{'SER57', 'SER58'}",11,1240
80386,7kpg_H(H)_ant(S),ASP,"{'SER57', 'SER58'}",11,1240
6359,3ogo_H(G)_ant(B),GLU,"{'SER57', 'SER58'}",11,1240
63411,6zpl_H(E)_ant(B),ARG,"{'SER57', 'SER58'}",11,1240
98749,7rxj_H(H)_ant(I),ASP,"{'SER57', 'SER58'}",11,1240
98642,7rxj_H(A)_ant(G),ASP,"{'SER57', 'SER58'}",11,1240
97923,7rah_H(B)_ant(E),ARG,"{'SER57', 'SER58'}",11,1240
92354,7p6k_H(G)_ant(B),GLU,"{'SER57', 'SER58'}",11,1240
32838,5v2a_H(H)_ant(A),ASP,"{'SER57', 'SER58'}",11,1240
98218,7rgp_H(E)_ant(A),GLU,"{'SER57', 'SER58'}",11,1240
62879,6yye_H(D)_ant(B),GLU,"{'SER57', 'SER58'}",11,1240
54308,6qig_H(H)_ant(A),GLU,"{'SER57', 'SER58'}",11,1240
37497,5xjm_H(H)_ant(A),ASP,"{'SER57', 'SER58'}",11,1240
14516,4nc1_H(E)_ant(A),GLU,"{'SER57', 'SER58'}",11,1240
47544,6m58_H(C)_ant(B),GLU,"{'SER57', 'SER58'}",11,1240
14597,4nc1_H(F)_ant(B),GLU,"{'SER57', 'SER58'}",11,1240
47648,6m58_H(H)_ant(A),GLU,"{'SER57', 'SER58'}",11,1240
45719,6ii8_H(J)_ant(E),ARG,"{'SER64', 'GLY63'}",12,1196
77869,7k9j_H(H)_ant(A),ASN,"{'SER64', 'GLY63'}",12,1196
15376,4od2_H(B)_ant(S),GLU,"{'SER64', 'GLY63'}",12,1196
47091,6lgw_H(C)_ant(F),GLN,"{'SER64', 'GLY63'}",12,1196
78205,7ket_H(A)_ant(C),ALA,"{'SER64', 'GLY63'}",12,1196
45709,6ii8_H(G)_ant(A),ARG,"{'SER64', 'GLY63'}",12,1196
53926,6pzy_H(I)_ant(F),PRO,"{'SER64', 'GLY63'}",12,1196
38231,6a67_H(C)_ant(B),ASN,"{'SER64', 'GLY63'}",12,1196
35704,5w42_H(H)_ant(A),ARG,"{'SER64', 'GLY63'}",12,1196
45714,6ii8_H(H)_ant(C),ARG,"{'SER64', 'GLY63'}",12,1196
36527,5x8l_H(F)_ant(A),ASN,"{'SER64', 'GLY63'}",12,1196
37210,5x8l_H(S)_ant(D),ASN,"{'SER64', 'GLY63'}",12,1196
85784,7m42_H(D)_ant(E),PHE,"{'SER64', 'GLY63'}",12,1196
78836,7ki4_H(H)_ant(A),LYS,"{'SER64', 'GLY63'}",12,1196
77748,7k90_H(M)_ant(A),GLU,"{'SER64', 'GLY63'}",12,1196
17438,4tsb_H(H)_ant(A),GLY,"{'SER64', 'GLY63'}",12,1196
71193,7czx_H(H)_ant(A),PHE,"{'SER64', 'GLY63'}",12,1196
30778,5nmv_H(H)_ant(K),GLU,"{'SER64', 'GLY63'}",12,1196
65325,7bud_H(G)_ant(B),LEU,"{'SER64', 'GLY63'}",12,1196
7542,3thm_H(H)_ant(F),ASN,"{'SER64', 'GLY63'}",12,1196
72258,7e3b_H(B)_ant(A),ALA,"{'SER64', 'GLY63'}",12,1196
74385,7eh5_H(E)_ant(B),PHE,"{'SER64', 'GLY63'}",12,1196
74467,7eo0_H(H)_ant(3),GLU,"{'SER64', 'GLY63'}",12,1196
930,1mlc_H(B)_ant(E),GLN,"{'SER64', 'GLY63'}",12,1196
23169,5bk1_H(C)_ant(B),ARG,"{'SER64', 'GLY63'}",12,1196
4670,3fmg_H(H)_ant(A),GLU,"{'SER64', 'GLY63'}",12,1196
82779,7ley_H(D)_ant(A),GLU,"{'SER64', 'GLY63'}",12,1196
71516,7dcx_H(B)_ant(D),ASN,"{'SER64', 'GLY63'}",12,1196
71466,7d85_H(E)_ant(D),LYS,"{'SER64', 'GLY63'}",12,1196
1651,1yqv_H(H)_ant(Y),GLN,"{'SER64', 'GLY63'}",12,1196
71458,7d85_H(B)_ant(A),LYS,"{'SER64', 'GLY63'}",12,1196
71255,7czx_H(I)_ant(B),PHE,"{'SER64', 'GLY63'}",12,1196
23203,5bk1_H(H)_ant(A),ARG,"{'SER64', 'GLY63'}",12,1196
38320,6a67_H(H)_ant(A),ASN,"{'SER64', 'GLY63'}",12,1196
48627,6n1v_H(g)_ant(B),GLY,"{'VAL65', 'GLY63'}",13,1086
12071,4j6r_H(H)_ant(G),GLY,"{'VAL65', 'GLY63'}",13,1086
12309,4jpw_H(H)_ant(G),GLY,"{'VAL65', 'GLY63'}",13,1086
48047,6mph_H(Q)_ant(C),GLY,"{'VAL65', 'GLY63'}",13,1086
16505,4s1q_H(H)_ant(G),GLY,"{'VAL65', 'GLY63'}",13,1086
41761,6chb_H(O)_ant(H),GLY,"{'VAL65', 'GLY63'}",13,1086
41534,6cde_H(Q)_ant(C),GLY,"{'VAL65', 'GLY63'}",13,1086
15509,4om0_H(H)_ant(G),GLY,"{'VAL65', 'GLY63'}",13,1086
39588,6b0n_H(D)_ant(G),GLY,"{'VAL65', 'GLY63'}",13,1086
45540,6iec_H(J)_ant(I),ASP,"{'GLY62', 'SER57'}",14,1036
18099,4weu_H(E)_ant(A),GLU,"{'GLY62', 'SER57'}",14,1036
2997,2r56_H(I)_ant(B),GLU,"{'GLY62', 'SER57'}",14,1036
8197,3vrl_H(H)_ant(C),ASP,"{'GLY62', 'SER57'}",14,1036
2773,2nyy_H(D)_ant(A),GLU,"{'GLY62', 'SER57'}",14,1036
6606,3p11_H(H)_ant(A),TYR,"{'GLY62', 'SER57'}",14,1036
47412,6m38_H(H)_ant(A),GLU,"{'GLY62', 'SER57'}",14,1036
25400,5f3b_H(E)_ant(D),ASP,"{'GLY62', 'SER57'}",14,1036
44290,6gkd_H(C)_ant(A),GLU,"{'GLY62', 'SER57'}",14,1036
103351,7whk_H(H)_ant(A),TYR,"{'GLY62', 'SER57'}",14,1036
74252,7e9b_H(H)_ant(C),GLU,"{'GLY62', 'SER57'}",14,1036
103521,7wvm_H(A)_ant(E),GLU,"{'GLY62', 'SER57'}",14,1036
66789,7cec_H(F)_ant(B),GLU,"{'GLY62', 'SER57'}",14,1036
63271,6ze1_H(B)_ant(A),GLU,"{'GLY62', 'SER57'}",14,1036
76965,7k7i_H(P)_ant(D),ASP,"{'GLY62', 'SER57'}",14,1036
101926,7te9_H(M)_ant(B),ASP,"{'GLY62', 'SER57'}",14,1036
39303,6b0a_H(H)_ant(A),GLU,"{'GLY62', 'SER57'}",14,1036
103590,7wvm_H(C)_ant(F),GLU,"{'GLY62', 'SER57'}",14,1036
69419,7cu5_H(A)_ant(Q),GLU,"{'GLY62', 'SER57'}",14,1036
43013,6ey6_H(I)_ant(A),GLU,"{'GLY62', 'SER57'}",14,1036
69539,7cwl_H(G)_ant(B),GLY,"{'GLY62', 'SER57'}",14,1036
43147,6ey6_H(K)_ant(C),GLU,"{'GLY62', 'SER57'}",14,1036
43281,6ey6_H(O)_ant(G),GLU,"{'GLY62', 'SER57'}",14,1036
72851,7e5s_H(I)_ant(B),GLY,"{'GLY62', 'SER57'}",14,1036
44389,6gkd_H(H)_ant(F),GLU,"{'GLY62', 'SER57'}",14,1036
69617,7cwl_H(H)_ant(A),GLY,"{'GLY62', 'SER57'}",14,1036
25260,5f3b_H(A)_ant(C),ASP,"{'GLY62', 'SER57'}",14,1036
101841,7te9_H(H)_ant(D),ASP,"{'GLY62', 'SER57'}",14,1036
24745,5do2_H(C)_ant(B),GLU,"{'GLY62', 'SER57'}",14,1036
69695,7cwl_H(I)_ant(C),GLY,"{'GLY62', 'SER57'}",14,1036
69819,7cwn_H(K)_ant(B),GLY,"{'GLY62', 'SER57'}",14,1036
69897,7cwn_H(L)_ant(C),GLY,"{'GLY62', 'SER57'}",14,1036
103193,7whi_H(G)_ant(A),TYR,"{'GLY62', 'SER57'}",14,1036
44489,6gkd_H(K)_ant(I),GLU,"{'GLY62', 'SER57'}",14,1036
103229,7whk_H(D)_ant(C),TYR,"{'GLY62', 'SER57'}",14,1036
44592,6gkd_H(N)_ant(L),GLU,"{'GLY62', 'SER57'}",14,1036
44687,6gkd_H(T)_ant(R),GLU,"{'GLY62', 'SER57'}",14,1036
33845,5vig_H(H)_ant(Z),GLN,"{'THR29', 'TYR37'}",15,1010
35402,5w06_H(H)_ant(T),LYS,"{'THR29', 'TYR37'}",15,1010
49809,6n5e_H(H)_ant(C),LYS,"{'THR29', 'TYR37'}",15,1010
8342,3w9e_H(A)_ant(C),SER,"{'THR29', 'TYR37'}",15,1010
6048,3nh7_H(H)_ant(A),ASP,"{'THR29', 'TYR37'}",15,1010
64481,7aqz_H(D)_ant(A),GLU,"{'THR29', 'TYR37'}",15,1010
64361,7aqz_H(C)_ant(B),GLU,"{'THR29', 'TYR37'}",15,1010
6995,3r1g_H(H)_ant(B),ASP,"{'THR29', 'TYR37'}",15,1010
6960,3r08_H(H)_ant(E),GLU,"{'THR29', 'TYR37'}",15,1010
6609,3p30_H(H)_ant(A),GLU,"{'THR29', 'TYR37'}",15,1010
64245,7aqx_H(D)_ant(B),GLU,"{'THR29', 'TYR37'}",15,1010
64116,7aqx_H(C)_ant(A),GLU,"{'THR29', 'TYR37'}",15,1010
6237,3nh7_H(K)_ant(D),ASP,"{'THR29', 'TYR37'}",15,1010
6176,3nh7_H(J)_ant(C),ASP,"{'THR29', 'TYR37'}",15,1010
47754,6meh_H(H)_ant(C),THR,"{'THR29', 'TYR37'}",15,1010
61364,6x4t_H(D)_ant(A),GLU,"{'THR29', 'TYR37'}",15,1010
5067,3iyw_H(H)_ant(A),GLU,"{'THR29', 'TYR37'}",15,1010
71567,7deo_H(A)_ant(B),ASN,"{'THR29', 'TYR37'}",15,1010
57174,6uqr_H(A)_ant(B),GLN,"{'THR29', 'TYR37'}",15,1010
101297,7swp_H(H)_ant(A),ASP,"{'THR29', 'TYR37'}",15,1010
23237,5bo1_H(H)_ant(B),GLU,"{'THR29', 'TYR37'}",15,1010
23286,5bo1_H(I)_ant(A),GLU,"{'THR29', 'TYR37'}",15,1010
23504,5bvp_H(H)_ant(I),ASP,"{'THR29', 'TYR37'}",15,1010
81079,7kyl_H(X)_ant(Z),SER,"{'THR29', 'TYR37'}",15,1010
6112,3nh7_H(I)_ant(B),ASP,"{'THR29', 'TYR37'}",15,1010
77619,7k8t_H(O)_ant(A),SER,"{'THR29', 'TYR37'}",15,1010
49777,6n5e_H(G)_ant(B),LYS,"{'THR29', 'TYR37'}",15,1010
28489,5iwl_H(A)_ant(D),GLU,"{'THR29', 'TYR37'}",15,1010
76613,7jum_H(J)_ant(C),GLU,"{'THR29', 'TYR37'}",15,1010
76562,7jum_H(I)_ant(B),GLU,"{'THR29', 'TYR37'}",15,1010
76502,7jum_H(H)_ant(A),GLU,"{'THR29', 'TYR37'}",15,1010
61298,6x4t_H(B)_ant(C),GLU,"{'THR29', 'TYR37'}",15,1010
30102,5mo9_H(H)_ant(X),ASN,"{'THR29', 'TYR37'}",15,1010
41448,6c6z_H(H)_ant(B),TRP,"{'THR29', 'TYR37'}",15,1010
71612,7deo_H(C)_ant(D),ASN,"{'THR29', 'TYR37'}",15,1010
45089,6hhc_H(H)_ant(A),THR,"{'THR29', 'TYR37'}",15,1010
46242,6jhs_H(E)_ant(C),ILE,"{'THR29', 'TYR37'}",15,1010
46196,6jhq_H(D)_ant(C),ILE,"{'THR29', 'TYR37'}",15,1010
41399,6c6z_H(C)_ant(A),TRP,"{'THR29', 'TYR37'}",15,1010
31394,5t5f_H(H)_ant(A),ASP,"{'THR29', 'TYR37'}",15,1010
98358,7rkv_H(D)_ant(B),ASP,"{'THR29', 'TYR37'}",15,1010
96195,7qbf_H(B)_ant(A),GLU,"{'THR29', 'TYR37'}",15,1010
3277,2wuc_H(H)_ant(A),PRO,"{'TYR66', 'TYR57'}",17,932
103240,7whk_H(E)_ant(B),LEU,"{'TYR66', 'TYR57'}",17,932
103300,7whk_H(G)_ant(A),LEU,"{'TYR66', 'TYR57'}",17,932
102907,7vne_H(W)_ant(C),THR,"{'TYR66', 'TYR57'}",17,932
103081,7whi_H(D)_ant(B),LEU,"{'TYR66', 'TYR57'}",17,932
103265,7whk_H(F)_ant(C),LEU,"{'TYR66', 'TYR57'}",17,932
103113,7whi_H(F)_ant(A),LEU,"{'TYR66', 'TYR57'}",17,932
5246,3k2u_H(H)_ant(A),PRO,"{'TYR66', 'TYR57'}",17,932
45422,6iap_H(H)_ant(A),THR,"{'TYR66', 'TYR57'}",17,932
45330,6i9i_H(H)_ant(D),GLY,"{'TYR66', 'TYR57'}",17,932
45229,6i9i_H(A)_ant(C),GLY,"{'TYR66', 'TYR57'}",17,932
45068,6hga_H(H)_ant(B),ARG,"{'TYR66', 'TYR57'}",17,932
23414,5bv7_H(H)_ant(A),GLU,"{'TYR66', 'TYR57'}",17,932
24345,5d1z_H(D)_ant(I),PHE,"{'TYR66', 'TYR57'}",17,932
17563,4u3x_H(C)_ant(D),GLY,"{'TYR66', 'TYR57'}",17,932
17523,4u3x_H(A)_ant(B),GLY,"{'TYR66', 'TYR57'}",17,932
24401,5d1z_H(F)_ant(J),PHE,"{'TYR66', 'TYR57'}",17,932
80521,7kql_H(H)_ant(T),GLU,"{'TYR66', 'TYR57'}",17,932
29651,5m2m_H(D)_ant(B),GLU,"{'TYR66', 'TYR57'}",17,932
29735,5m2m_H(H)_ant(G),GLU,"{'TYR66', 'TYR57'}",17,932
29820,5m2m_H(J)_ant(I),GLU,"{'TYR66', 'TYR57'}",17,932
29905,5m2m_H(N)_ant(M),GLU,"{'TYR66', 'TYR57'}",17,932
45199,6i04_H(H)_ant(A),ASP,"{'TYR66', 'TYR57'}",17,932
45177,6i04_H(C)_ant(B),ASP,"{'TYR66', 'TYR57'}",17,932
69116,7cn2_H(J)_ant(B),VAL,"{'TYR66', 'TYR57'}",17,932
14846,4nnp_H(X)_ant(B),ARG,"{'TYR66', 'TYR57'}",17,932
46085,6j5d_H(H)_ant(A),GLY,"{'TYR66', 'TYR57'}",17,932
14779,4nnp_H(H)_ant(A),ARG,"{'TYR66', 'TYR57'}",17,932
69162,7cn2_H(M)_ant(A),VAL,"{'TYR66', 'TYR57'}",17,932
47394,6lyn_H(H)_ant(D),ASP,"{'TYR66', 'TYR57'}",17,932
47371,6lyn_H(A)_ant(C),ASP,"{'TYR66', 'TYR57'}",17,932
69088,7cn2_H(G)_ant(E),VAL,"{'TYR66', 'TYR57'}",17,932
62120,6xq4_H(C)_ant(A),PRO,"{'TYR66', 'TYR57'}",17,932
62133,6xq4_H(E)_ant(D),ARG,"{'TYR66', 'TYR57'}",17,932
36917,5x8l_H(H)_ant(C),GLN,"{'TYR66', 'SER64'}",18,882
36763,5x8l_H(G)_ant(B),GLN,"{'TYR66', 'SER64'}",18,882
22334,4yzf_H(G)_ant(B),GLU,"{'TYR66', 'SER64'}",18,882
32559,5utz_H(H)_ant(D),ASN,"{'TYR66', 'SER64'}",18,882
42404,6dc3_H(H)_ant(F),ASP,"{'TYR66', 'SER64'}",18,882
33819,5vic_H(H)_ant(E),MET,"{'TYR66', 'SER64'}",18,882
31038,5o6v_H(H)_ant(B),THR,"{'TYR66', 'SER64'}",18,882
32462,5utz_H(F)_ant(E),ASN,"{'TYR66', 'SER64'}",18,882
32696,5utz_H(J)_ant(I),ASN,"{'TYR66', 'SER64'}",18,882
32323,5utz_H(B)_ant(A),ASN,"{'TYR66', 'SER64'}",18,882
96160,7qbe_H(E)_ant(A),LYS,"{'TYR66', 'SER64'}",18,882
18046,4weu_H(D)_ant(B),GLY,"{'TYR66', 'SER64'}",18,882
10410,4g80_H(A)_ant(S),GLN,"{'TYR66', 'SER64'}",18,882
10448,4g80_H(C)_ant(J),VAL,"{'TYR66', 'SER64'}",18,882
46778,6ktr_H(F)_ant(D),TRP,"{'TYR66', 'SER64'}",18,882
46766,6ktr_H(A)_ant(C),TRP,"{'TYR66', 'SER64'}",18,882
55429,6sge_H(B)_ant(C),ASN,"{'TYR66', 'SER64'}",18,882
55509,6sge_H(D)_ant(A),ASN,"{'TYR66', 'SER64'}",18,882
55600,6ss4_H(H)_ant(A),ASN,"{'TYR66', 'SER64'}",18,882
46697,6k7o_H(F)_ant(R),GLU,"{'TYR66', 'SER64'}",18,882
16125,4rgn_H(B)_ant(A),ASP,"{'TYR66', 'SER64'}",18,882
16267,4rgn_H(H)_ant(S),ASP,"{'TYR66', 'SER64'}",18,882
96178,7qbe_H(F)_ant(C),LYS,"{'TYR66', 'SER64'}",18,882
4083,3bn9_H(F)_ant(A),ASN,"{'TYR66', 'SER64'}",18,882
53784,6plk_H(H)_ant(E),LEU,"{'TYR66', 'SER64'}",18,882
56000,6txz_H(H)_ant(A),ASP,"{'TYR66', 'SER64'}",18,882
56147,6txz_H(I)_ant(B),ASP,"{'TYR66', 'SER64'}",18,882
56254,6txz_H(J)_ant(C),ASP,"{'TYR66', 'SER64'}",18,882
56358,6txz_H(K)_ant(D),ASP,"{'TYR66', 'SER64'}",18,882
3923,3bn9_H(D)_ant(B),ASN,"{'TYR66', 'SER64'}",18,882
37071,5x8l_H(J)_ant(E),GLN,"{'TYR66', 'SER64'}",18,882
99487,7s11_H(H)_ant(C),TYR,"{'ASN37', 'SER58'}",19,876
99557,7s11_H(I)_ant(D),TYR,"{'ASN37', 'SER58'}",19,876
99628,7s11_H(J)_ant(E),TYR,"{'ASN37', 'SER58'}",19,876
99698,7s11_H(K)_ant(F),TYR,"{'ASN37', 'SER58'}",19,876
50674,6obg_H(C)_ant(A),ARG,"{'ASN37', 'SER58'}",19,876
99757,7s13_H(H)_ant(D),TYR,"{'ASN37', 'SER58'}",19,876
50795,6obg_H(D)_ant(B),ARG,"{'ASN37', 'SER58'}",19,876
